epoch,time,train/cls_loss,train/off_loss,train/placeholder,metrics/precision(B),metrics/recall(B),metrics/mAP50(B),metrics/mAP50-95(B),val/cls_loss,val/off_loss,val/placeholder,lr/pg0,lr/pg1,lr/pg2
1,95.0598,26.311,1.58866,0,0,0,0,0,15.0462,1.44267,0,0.000664762,0.000664762,0.000664762
2,186.882,13.6521,1.44822,0,0,0,0,0,8.22032,1.39882,0,0.00132484,0.00132484,0.00132484
3,284.436,9.15831,1.43023,0,0,0,0,0,7.08309,1.39122,0,0.00197831,0.00197831,0.00197831
4,381.674,8.14165,1.4235,0,0,0,0,0,6.76412,1.41001,0,0.0019703,0.0019703,0.0019703
5,479.386,7.48699,1.42735,0,0,0,0,0,6.53308,1.35896,0,0.0019604,0.0019604,0.0019604
6,578.592,7.32248,1.40939,0,0,0,0,0,6.33726,1.34989,0,0.0019505,0.0019505,0.0019505
7,678.956,6.83952,1.39616,0,0,0,0,0,5.82979,1.32969,0,0.0019406,0.0019406,0.0019406
8,780.458,6.55111,1.38675,0,0,0,0,0,5.9599,1.32418,0,0.0019307,0.0019307,0.0019307
9,880.336,6.87277,1.38644,0,0,0,0,0,5.96866,1.32526,0,0.0019208,0.0019208,0.0019208
10,982.12,6.51012,1.38328,0,0,0,0,0,5.75117,1.31924,0,0.0019109,0.0019109,0.0019109
11,1083.59,6.4042,1.37785,0,0,0,0,0,5.6472,1.32118,0,0.001901,0.001901,0.001901
12,1185.27,6.45333,1.37231,0,0,0,0,0,5.72347,1.30294,0,0.0018911,0.0018911,0.0018911
13,1287.88,6.32306,1.37058,0,0,0,0,0,5.89685,1.30574,0,0.0018812,0.0018812,0.0018812
14,1389.34,6.26153,1.36949,0,0,0,0,0,5.51578,1.30336,0,0.0018713,0.0018713,0.0018713
15,1497.09,6.28762,1.36641,0,0,0,0,0,5.58054,1.29768,0,0.0018614,0.0018614,0.0018614
16,1601.1,6.34656,1.35987,0,0,0,0,0,5.54366,1.29822,0,0.0018515,0.0018515,0.0018515
17,1705.56,6.35855,1.35889,0,0,0,0,0,5.43664,1.28903,0,0.0018416,0.0018416,0.0018416
18,1806.58,6.11647,1.35842,0,0,0,0,0,5.64001,1.2871,0,0.0018317,0.0018317,0.0018317
19,1909.66,6.07402,1.35369,0,0,0,0,0,5.47286,1.28786,0,0.0018218,0.0018218,0.0018218
20,2011.16,6.10374,1.352,0,0,0,0,0,5.49692,1.28731,0,0.0018119,0.0018119,0.0018119
21,2115.21,6.16228,1.35225,0,0,0,0,0,5.4858,1.2755,0,0.001802,0.001802,0.001802
22,2220.87,5.99797,1.34817,0,0,0,0,0,5.62032,1.28476,0,0.0017921,0.0017921,0.0017921
23,2322.49,6.16957,1.34822,0,0,0,0,0,5.40127,1.28126,0,0.0017822,0.0017822,0.0017822
24,2426.33,6.00543,1.34739,0,0,0,0,0,5.48109,1.28417,0,0.0017723,0.0017723,0.0017723
25,2530.1,5.98446,1.34579,0,0,0,0,0,5.3195,1.26992,0,0.0017624,0.0017624,0.0017624
26,2635.59,5.93924,1.34328,0,0,0,0,0,5.34536,1.27657,0,0.0017525,0.0017525,0.0017525
27,2738.07,5.95678,1.34029,0,0,0,0,0,5.31594,1.27154,0,0.0017426,0.0017426,0.0017426
28,2845.26,5.93019,1.3431,0,0,0,0,0,5.39951,1.29201,0,0.0017327,0.0017327,0.0017327
29,2950.64,5.93927,1.34045,0,0,0,0,0,5.264,1.26364,0,0.0017228,0.0017228,0.0017228
30,3054.55,5.92385,1.33533,0,0,0,0,0,5.30253,1.26384,0,0.0017129,0.0017129,0.0017129
31,3157.73,5.84364,1.33627,0,0,0,0,0,5.35607,1.26478,0,0.001703,0.001703,0.001703
32,3262.68,5.90521,1.33544,0,0,0,0,0,5.27637,1.26517,0,0.0016931,0.0016931,0.0016931
33,3366.58,5.81468,1.32895,0,0,0,0,0,5.34447,1.2621,0,0.0016832,0.0016832,0.0016832
34,3474.58,5.83877,1.33179,0,0,0,0,0,5.34717,1.27264,0,0.0016733,0.0016733,0.0016733
35,3576.86,5.82578,1.3333,0,0,0,0,0,5.27153,1.26331,0,0.0016634,0.0016634,0.0016634
36,3679.81,5.88632,1.33666,0,0,0,0,0,5.31945,1.25979,0,0.0016535,0.0016535,0.0016535
37,3782.99,5.79712,1.32976,0,0,0,0,0,5.24819,1.25821,0,0.0016436,0.0016436,0.0016436
38,3886.95,5.81769,1.32904,0,0,0,0,0,5.22978,1.25675,0,0.0016337,0.0016337,0.0016337
39,3991.13,5.81772,1.32871,0,0,0,0,0,5.24966,1.25999,0,0.0016238,0.0016238,0.0016238
40,4096.66,5.78282,1.32519,0,0,0,0,0,5.21396,1.25341,0,0.0016139,0.0016139,0.0016139
41,4199.95,5.74907,1.32545,0,0,0,0,0,5.26458,1.26363,0,0.001604,0.001604,0.001604
42,4302.75,5.77361,1.32735,0,0,0,0,0,5.23175,1.26572,0,0.0015941,0.0015941,0.0015941
43,4405,5.78705,1.32681,0,0,0,0,0,5.3513,1.257,0,0.0015842,0.0015842,0.0015842
44,4509.32,5.73862,1.32372,0,0,0,0,0,5.181,1.25213,0,0.0015743,0.0015743,0.0015743
45,4612.99,5.75368,1.32367,0,0,0,0,0,5.21366,1.25337,0,0.0015644,0.0015644,0.0015644
46,4716.79,5.70924,1.32247,0,0,0,0,0,5.17727,1.25107,0,0.0015545,0.0015545,0.0015545
47,4823.2,5.70265,1.32177,0,0,0,0,0,5.16082,1.25032,0,0.0015446,0.0015446,0.0015446
48,4925.95,5.726,1.32118,0,0,0,0,0,5.18655,1.25013,0,0.0015347,0.0015347,0.0015347
49,5029.72,5.69643,1.32055,0,0,0,0,0,5.16616,1.24837,0,0.0015248,0.0015248,0.0015248
50,5130.22,5.77117,1.32093,0,0,0,0,0,5.11836,1.24595,0,0.0015149,0.0015149,0.0015149
51,5235.67,5.66824,1.31653,0,0,0,0,0,5.20777,1.25178,0,0.001505,0.001505,0.001505
52,5339.09,5.72009,1.31859,0,0,0,0,0,5.16601,1.24444,0,0.0014951,0.0014951,0.0014951
53,5441.51,5.69276,1.31959,0,0,0,0,0,5.1917,1.25062,0,0.0014852,0.0014852,0.0014852
54,5547.93,5.65979,1.31675,0,0,0,0,0,5.12346,1.24212,0,0.0014753,0.0014753,0.0014753
55,5651.04,5.62047,1.31211,0,0,0,0,0,5.16341,1.24483,0,0.0014654,0.0014654,0.0014654
56,5754.39,5.6441,1.31481,0,0,0,0,0,5.14203,1.24289,0,0.0014555,0.0014555,0.0014555
57,5857.22,5.71153,1.31879,0,0,0,0,0,5.1395,1.24509,0,0.0014456,0.0014456,0.0014456
58,5960.16,5.61012,1.31353,0,0,0,0,0,5.21752,1.24369,0,0.0014357,0.0014357,0.0014357
59,6062.95,5.65515,1.3147,0,0,0,0,0,5.16603,1.24336,0,0.0014258,0.0014258,0.0014258
60,6165.5,5.64585,1.31471,0,0,0,0,0,5.12399,1.24061,0,0.0014159,0.0014159,0.0014159
61,6274.03,5.63832,1.31158,0,0,0,0,0,5.14584,1.24183,0,0.001406,0.001406,0.001406
62,6378.96,5.67306,1.31295,0,0,0,0,0,5.16088,1.24241,0,0.0013961,0.0013961,0.0013961
63,6484.63,5.6169,1.31049,0,0,0,0,0,5.11446,1.23711,0,0.0013862,0.0013862,0.0013862
64,6590.18,5.63129,1.31137,0,0,0,0,0,5.11812,1.23939,0,0.0013763,0.0013763,0.0013763
65,6695,5.59099,1.31022,0,0,0,0,0,5.16391,1.23974,0,0.0013664,0.0013664,0.0013664
66,6802.29,5.59463,1.30981,0,0,0,0,0,5.11851,1.23759,0,0.0013565,0.0013565,0.0013565
67,6906.56,5.59592,1.30901,0,0,0,0,0,5.08692,1.24133,0,0.0013466,0.0013466,0.0013466
68,7010.92,5.60699,1.31034,0,0,0,0,0,5.13616,1.23937,0,0.0013367,0.0013367,0.0013367
69,7114.04,5.57091,1.30648,0,0,0,0,0,5.11574,1.2354,0,0.0013268,0.0013268,0.0013268
70,7217.8,5.56992,1.30563,0,0,0,0,0,5.11283,1.23814,0,0.0013169,0.0013169,0.0013169
71,7321.86,5.58399,1.30824,0,0,0,0,0,5.14543,1.23683,0,0.001307,0.001307,0.001307
72,7429.04,5.52161,1.30445,0,0,0,0,0,5.09418,1.23522,0,0.0012971,0.0012971,0.0012971
73,7534.51,5.55722,1.30234,0,0,0,0,0,5.093,1.23878,0,0.0012872,0.0012872,0.0012872
74,7638.38,5.55564,1.30444,0,0,0,0,0,5.08203,1.23506,0,0.0012773,0.0012773,0.0012773
75,7742.7,5.55251,1.30638,0,0,0,0,0,5.10532,1.23804,0,0.0012674,0.0012674,0.0012674
76,7863.56,5.61078,1.30717,0,0,0,0,0,5.08526,1.23454,0,0.0012575,0.0012575,0.0012575
77,7986.09,5.49797,1.30237,0,0,0,0,0,5.06427,1.23101,0,0.0012476,0.0012476,0.0012476
78,8094.34,5.5442,1.30347,0,0,0,0,0,5.10981,1.23353,0,0.0012377,0.0012377,0.0012377
79,8198.32,5.51647,1.302,0,0,0,0,0,5.09672,1.23408,0,0.0012278,0.0012278,0.0012278
80,8302.78,5.53196,1.30224,0,0,0,0,0,5.1333,1.24024,0,0.0012179,0.0012179,0.0012179
81,8407.34,5.49049,1.30144,0,0,0,0,0,5.0662,1.22987,0,0.001208,0.001208,0.001208
82,8510.89,5.53668,1.29907,0,0,0,0,0,5.06285,1.23079,0,0.0011981,0.0011981,0.0011981
83,8618.96,5.49454,1.3019,0,0,0,0,0,5.06907,1.23047,0,0.0011882,0.0011882,0.0011882
84,8722.62,5.48236,1.30039,0,0,0,0,0,5.07298,1.2302,0,0.0011783,0.0011783,0.0011783
85,8826.36,5.49137,1.30001,0,0,0,0,0,5.07449,1.23126,0,0.0011684,0.0011684,0.0011684
86,8929.84,5.51432,1.29969,0,0,0,0,0,5.07349,1.22998,0,0.0011585,0.0011585,0.0011585
87,9034.37,5.4867,1.29658,0,0,0,0,0,5.07825,1.22959,0,0.0011486,0.0011486,0.0011486
88,9139.44,5.54187,1.29965,0,0,0,0,0,5.08631,1.22831,0,0.0011387,0.0011387,0.0011387
89,9246.11,5.5031,1.29395,0,0,0,0,0,5.05174,1.22728,0,0.0011288,0.0011288,0.0011288
90,9348.97,5.4988,1.29786,0,0,0,0,0,5.04919,1.22695,0,0.0011189,0.0011189,0.0011189
91,9452.86,5.4462,1.29467,0,0,0,0,0,5.04082,1.22659,0,0.001109,0.001109,0.001109
